id,topic,sentence
1,taxi_commuting,"Taxi! Obili how much? 400? Massa I get only 300 frs abeg."
2,taxi_commuting,"Chauffeur abeg, no carry overload, I dey hurry go lecture."
3,taxi_commuting,"Oga taxi, you go pass for Total Mendong? I want drop for there."
4,taxi_commuting,"Massa, I no get monnaie, you get 100 to complete my 900?"
5,taxi_commuting,"Driver, you don already carry 6 person, you still di shout 'une place!'"
6,taxi_commuting,"Chauffeur, gare routiere combien? Tu me deposes a 300, non? J'ai pas 500."
7,taxi_commuting,"Pardon drop me for Mvan, je vais sauf que payer 250."
8,internet,"My bundle don finish, Orange don comot me for internet. Who get WiFi?"
9,internet,"The WhatsApp message no di go, I don on and off data tire."
10,internet,"Camtel e be like say e sleep, page no di load since."
11,internet,"I don reset phone two times, network still dey for E, e no gree go 4G."
12,internet,"Video call no di connect, e di cut cut, we no fit do group work."
13,internet,"Le reseau derange depuis le matin, la connexion fait zero-zero. Je wanda!"
14,internet,"MTN a encore coupe internet, ehhh garrr, le mode avion ne donne meme pas."
15,electricity,"They don cut light again for Nsimeyong, e don make 2 days now."
16,electricity,"If light no come, my laptop go die, I no go submit assignment."
17,electricity,"ENEO don bring bill 25k, but light no even stay for one week complete."
18,electricity,"Abeg who get powerbank? Light don go since 6pm for Biyem-Assi."
19,electricity,"When light go come back, voltage go high, e fit spoil fridge."
20,electricity,"ENEO a coupe la lumiere, on est dans le noir depuis. Comment on va charger?"
21,electricity,"Light don go, my phone don die, I get exam tomorrow for ICT-U."
22,market_bargaining,"Mami, plantain na how much? 3 for 1000? Abeg make am 4."
23,market_bargaining,"Boeuf na how much kilo? 3500? Chai e don cost, last time e be 2800."
24,market_bargaining,"My sister, measure rice well well, no put hand for scale."
25,market_bargaining,"I want buy okok and eru, but price too high for Mokolo market today."
26,market_bargaining,"Give me bread 150 and sardine, I go transfer MoMo, network e good?"
27,market_bargaining,"Maman, combien la tomate? Hala me small money, je suis ton client fidele."
28,market_bargaining,"500 c'est trop cher, fais a 300. On s'entend?"
29,rainy_season,"For Etoug-Ebe rain don full road, man no fit waka, na bike fit pass."
30,rainy_season,"My shoe don spoil for mud for Emombo, Yaounde rain too much."
31,rainy_season,"Water don enter house for Melen, we don pack all chair for up."
32,rainy_season,"Road for Soa na hell, car di sink, student dem di late for class."
33,rainy_season,"Cold don too much this morning, I no fit comot without pullover."
34,rainy_season,"La pluie a gate toute la route a Emana, la boue partout. Taxi refuse meme d'entrer au quartier."
35,rainy_season,"Ekiee, la pluie m'a mouille, je suis trempe. Yaounde et sa pluie!"
36,fuel_scarcity,"Super don finish for Tradex, na only gasoil remain, queue long."
37,fuel_scarcity,"Benskin don increase price, from 500 to 700 because fuel don cost."
38,fuel_scarcity,"Taxi man di complain say e buy fuel for black market 1500 per litre."
39,fuel_scarcity,"I trek from Obobogo reach Mvan because I no see taxi, no fuel."
40,fuel_scarcity,"L'essence est finie a la station, le benskin dit que le carburant a augmente."
41,bendskin_roadside,"Benskinner, you di go Damas? Take me, I go double pay, I dey late."
42,bendskin_roadside,"Buy groundnut, 100 frs, e sweet, e get sugar well."
43,bendskin_roadside,"My guy, barb hair? 500 for normal, 1000 for tint, enter shop."
44,bendskin_roadside,"Push! Push! Who get call box? Credit MTN, Orange, Nexttel available."
45,bendskin_roadside,"Soya man, give me 500, add onion plenty, and pepper small."
46,bendskin_roadside,"Benskin! Ngousso, combien? 800? Non, c'est trop, fais 500 je te donne."
47,bendskin_roadside,"Mon frere, achete le soya, c'est chaud, tchop ca bien."
48,security_checkpoints,"Police don block road for Nlongkak, dem di check carte grise and assurance."
49,security_checkpoints,"Abeg no pass for lycee Bilingue, gendarme dem di for there, dem go ask for helmet."
50,security_checkpoints,"Them don thief my phone for marche central, pickpocket full there."
51,security_checkpoints,"For night for Bastos, you no fit waka alone, them fit attack you."
52,security_checkpoints,"Pardon monsieur le policier, mes papiers sont a la maison. Laissez-moi passer, non?"
53,security_checkpoints,"On dit qu'il y a controle au carrefour Nkolbisson, tous les motos dey for front."
54,ict_university,"School fee don increase? ICT-U don send mail, e say deadline na Friday."
55,ict_university,"Group 4 never finish their compiler code, syntax error full their program."
56,ict_university,"Lecturer no come today, we don wait for class since 8am, we di go house."
57,ict_university,"We get presentation tomorrow for software engineering, I never even start slide."
58,ict_university,"Print my project for Bonas, 50 frs per page, color na 200, e too cost."
59,ict_university,"Senior di sell handout 2000, e say e get past questions inside."
60,ict_university,"We want do birthday for foyer, we go buy Folere and puff puff."
61,ict_university,"Le WiFi de ICT-U ne marche pas encore, comment on va faire le TP de compiler?"
62,ict_university,"Engr. Tanwi a dit que le rapport c'est 30 pages maximum, garrr, on va wanda."
63,taxi_commuting,"Na how"
64,taxi_commuting,"I get na 400"
65,taxi_commuting,"Lef me for that achombo house"
66,taxi_commuting,"Enleve ta brouette la sur la route"
67,taxi_commuting,"Yu no serios"
68,taxi_commuting,"Fou le camp"
69,money_matters,"A fit see some small 100k"
70,money_matters,"I drop aza? Fund my account abeg"
71,money_matters,"I send my aza make you fund me fapnkolo"
72,money_matters,"You get some twenty pongos for Dey?"
73,money_matters,"Gere moi non nkap"
74,money_matters,"That do small"
75,money_matters,"Ne joue pas avec Mon argent salo"
76,rainy_season,"Do rain so eh"
77,rainy_season,"Motomoto"
78,rainy_season,"Enter motomoto"
79,rainy_season,"This rain so na weather four two and a half"
80,rainy_season,"Massah yacob il fait froid"
81,rainy_season,"Rain do worry bad"
82,rainy_season,"Na which bad luck this too nor?"
83,internet,"Make single pole go offline make network cam back"
84,internet,"Yehum MTN"
85,internet,"MTN ns craze"
86,internet,"Orange et le reseau nkangian"
87,internet,"Network poor bad"
88,internet,"Mtn Va tous nous montrer au pays ci"
89,market_bargaining,"Ei over deer"
90,market_bargaining,"Last price"
91,market_bargaining,"Last market"
92,market_bargaining,"Majumbum depuis longtemps"
93,market_bargaining,"Levam for this price"
94,market_bargaining,"Venez me tromper"
95,electricity,"Light no dey"
96,electricity,"Ndon ya SOCADEL"
97,electricity,"E.N.E.O"
98,electricity,"Massa Eneo"
99,mobile_money,"Abeg momo me 2k"
100,mobile_money,"Abeg momo me"
101,mobile_money,"Gere ton OM"
102,food,"You get chop for house"
103,food,"U don chop?"
104,food,"I di find. Grind"
105,food,"Chop rice chop rice"
106,food,"La nouriture si dja"
107,fuel_scarcity,"Petrol don deer"
108,fuel_scarcity,"Petrol don short"
109,fuel_scarcity,"Le carburant est chere"
110,fuel_scarcity,"Fair vite nor"
111,misc_open_topic,"Le pater la"
112,user_submitted,cam di side
113,user_submitted,na weti
114,user_submitted,no worry me
115,taxi_commuting,abeg lev me for damas
116,user_submitted,gimme change
117,wuside you dey,i di cam
118,taxi_commuting,i am a girl
